{
  "POST Crear Usuario" : {
    "transaction" : "POST Crear Usuario",
    "sampleCount" : 50,
    "errorCount" : 0,
    "errorPct" : 0.0,
    "meanResTime" : 285.23999999999995,
    "medianResTime" : 261.0,
    "minResTime" : 252.0,
    "maxResTime" : 508.0,
    "pct1ResTime" : 343.09999999999997,
    "pct2ResTime" : 486.1999999999998,
    "pct3ResTime" : 508.0,
    "throughput" : 1.0123096857790737,
    "receivedKBytesPerSec" : 1.3802209872044056,
    "sentKBytesPerSec" : 0.27087192764010365
  },
  "GET Usuario (ID 2)" : {
    "transaction" : "GET Usuario (ID 2)",
    "sampleCount" : 50,
    "errorCount" : 0,
    "errorPct" : 0.0,
    "meanResTime" : 150.18000000000004,
    "medianResTime" : 139.0,
    "minResTime" : 119.0,
    "maxResTime" : 538.0,
    "pct1ResTime" : 168.0,
    "pct2ResTime" : 185.24999999999997,
    "pct3ResTime" : 538.0,
    "throughput" : 1.0064614827190563,
    "receivedKBytesPerSec" : 1.6807513612391554,
    "sentKBytesPerSec" : 0.14939662634110992
  },
  "Total" : {
    "transaction" : "Total",
    "sampleCount" : 100,
    "errorCount" : 0,
    "errorPct" : 0.0,
    "meanResTime" : 217.7099999999999,
    "medianResTime" : 252.5,
    "minResTime" : 119.0,
    "maxResTime" : 538.0,
    "pct1ResTime" : 288.70000000000005,
    "pct2ResTime" : 463.7999999999986,
    "pct3ResTime" : 537.6999999999998,
    "throughput" : 1.9474955207603024,
    "receivedKBytesPerSec" : 2.9537649348562747,
    "sentKBytesPerSec" : 0.4050942831268988
  }
}